#SampleID	env_material	Collection_Date	BioSample
SRR10533966	Bulk soil	2015	SAMN13285827
SRR10533967	Bulk soil	2015	SAMN13285828
SRR10533968	Bulk soil	2015	SAMN13285829
SRR10533969	Bulk soil	2015	SAMN13285830
SRR10533970	Bulk soil	2015	SAMN13285831
SRR10533971	Bulk soil	2015	SAMN13285832
SRR10533972	Bulk soil	2015	SAMN13285836
SRR10533973	Bulk soil	2015	SAMN13285833
SRR10533974	Bulk soil	2015	SAMN13285834
SRR10533975	Bulk soil	2015	SAMN13285835
SRR10533976	Bulk soil	2015	SAMN13285843
SRR10533977	Bulk soil	2015	SAMN13285837
SRR10533978	Bulk soil	2015	SAMN13285838
SRR10533979	Bulk soil	2015	SAMN13285839
SRR10533980	Bulk soil	2015	SAMN13285840
SRR10533981	Bulk soil	2015	SAMN13285841
SRR10533982	Bulk soil	2015	SAMN13285842
SRR10533983	Bulk soil	2015	SAMN13285847
SRR10533984	Bulk soil	2015	SAMN13285844
SRR10533985	Bulk soil	2015	SAMN13285845
SRR10533986	Bulk soil	2015	SAMN13285846
SRR10533987	Bulk soil	2015	SAMN13285848
SRR10533988	Bulk soil	2015	SAMN13285849
SRR10533989	Bulk soil	2015	SAMN13285850
SRR10533990	Bulk soil	2015	SAMN13285851
SRR10533991	Bulk soil	2015	SAMN13285852
SRR10533992	Bulk soil	2015	SAMN13285853
SRR10533993	Bulk soil	2015	SAMN13285854
SRR10533994	Bulk soil	2015	SAMN13285855
SRR10533995	Bulk soil	2015	SAMN13285856
SRR10533996	Bulk soil	2015	SAMN13285857
SRR10533997	Bulk soil	2015	SAMN13285858
SRR10533998	Bulk soil	2015	SAMN13285859
SRR10533999	Bulk soil	2015	SAMN13285860
SRR10534000	Bulk soil	2015	SAMN13285861
SRR10534001	Bulk soil	2015	SAMN13285862
SRR10534002	Bulk soil	2015	SAMN13285863
SRR10534003	Bulk soil	2015	SAMN13285864
SRR10534004	Bulk soil	2015	SAMN13285865
SRR10534005	Bulk soil	2015	SAMN13285866
SRR10534006	Bulk soil	2015	SAMN13285867
SRR10534007	Bulk soil	2015	SAMN13285868
SRR10534008	Bulk soil	2016	SAMN13283936
SRR10534009	rhizosphere	2016	SAMN13283926
SRR10534010	rhizosphere	2016	SAMN13283927
SRR10534011	rhizosphere	2016	SAMN13283928
SRR10534012	rhizosphere	2016	SAMN13283929
SRR10534013	rhizosphere	2016	SAMN13283930
SRR10534014	rhizosphere	2016	SAMN13283931
SRR10534015	rhizosphere	2016	SAMN13283932
SRR10534016	rhizosphere	2016	SAMN13283933
SRR10534017	rhizosphere	2016	SAMN13283934
SRR10534018	rhizosphere	2016	SAMN13283935
SRR10534019	Bulk soil	2016	SAMN13283947
SRR10534020	rhizosphere	2016	SAMN13283937
SRR10534021	rhizosphere	2016	SAMN13283938
SRR10534022	rhizosphere	2016	SAMN13283939
SRR10534023	rhizosphere	2016	SAMN13283940
SRR10534024	rhizosphere	2016	SAMN13283941
SRR10534025	rhizosphere	2016	SAMN13283942
SRR10534026	rhizosphere	2016	SAMN13283943
SRR10534027	rhizosphere	2016	SAMN13283944
SRR10534028	rhizosphere	2016	SAMN13283945
SRR10534029	rhizosphere	2016	SAMN13283946
SRR10534030	Bulk soil	2016	SAMN13283958
SRR10534031	rhizosphere	2016	SAMN13283948
SRR10534032	rhizosphere	2016	SAMN13283949
SRR10534033	rhizosphere	2016	SAMN13283950
SRR10534034	rhizosphere	2016	SAMN13283951
SRR10534035	rhizosphere	2016	SAMN13283952
SRR10534036	rhizosphere	2016	SAMN13283953
SRR10534037	rhizosphere	2016	SAMN13283954
SRR10534038	Bulk soil	2016	SAMN13283955
SRR10534039	Bulk soil	2016	SAMN13283956
SRR10534040	Bulk soil	2016	SAMN13283957
SRR10534041	Bulk soil	2016	SAMN13283969
SRR10534042	Bulk soil	2016	SAMN13283959
SRR10534043	Bulk soil	2016	SAMN13283960
SRR10534044	Bulk soil	2016	SAMN13283961
SRR10534045	Bulk soil	2016	SAMN13283962
SRR10534046	Bulk soil	2016	SAMN13283963
SRR10534047	Bulk soil	2016	SAMN13283964
SRR10534048	Bulk soil	2016	SAMN13283965
SRR10534049	Bulk soil	2016	SAMN13283966
SRR10534050	Bulk soil	2016	SAMN13283967
SRR10534051	Bulk soil	2016	SAMN13283968
SRR10534052	Bulk soil	2016	SAMN13284057
SRR10534053	Bulk soil	2016	SAMN13283970
SRR10534054	Bulk soil	2016	SAMN13283971
SRR10534055	Bulk soil	2016	SAMN13283979
SRR10534056	rhizosphere	2016	SAMN13283972
SRR10534057	rhizosphere	2016	SAMN13283973
SRR10534058	rhizosphere	2016	SAMN13283974
SRR10534059	rhizosphere	2016	SAMN13283975
SRR10534060	rhizosphere	2016	SAMN13283976
SRR10534061	rhizosphere	2016	SAMN13283977
SRR10534062	rhizosphere	2016	SAMN13283978
SRR10534063	Bulk soil	2016	SAMN13283990
SRR10534064	rhizosphere	2016	SAMN13283980
SRR10534065	rhizosphere	2016	SAMN13283981
SRR10534066	rhizosphere	2016	SAMN13283982
SRR10534067	rhizosphere	2016	SAMN13283983
SRR10534068	rhizosphere	2016	SAMN13283984
SRR10534069	rhizosphere	2016	SAMN13283985
SRR10534070	rhizosphere	2016	SAMN13283986
SRR10534071	rhizosphere	2016	SAMN13283987
SRR10534072	rhizosphere	2016	SAMN13283988
SRR10534073	rhizosphere	2016	SAMN13283989
SRR10534074	Bulk soil	2016	SAMN13284001
SRR10534075	rhizosphere	2016	SAMN13283991
SRR10534076	rhizosphere	2016	SAMN13283992
SRR10534077	rhizosphere	2016	SAMN13283993
SRR10534078	rhizosphere	2016	SAMN13283994
SRR10534079	rhizosphere	2016	SAMN13283995
SRR10534080	rhizosphere	2016	SAMN13283996
SRR10534081	rhizosphere	2016	SAMN13283997
SRR10534082	rhizosphere	2016	SAMN13283998
SRR10534083	rhizosphere	2016	SAMN13283999
SRR10534084	rhizosphere	2016	SAMN13284000
SRR10534085	Bulk soil	2016	SAMN13284012
SRR10534086	rhizosphere	2016	SAMN13284002
SRR10534087	rhizosphere	2016	SAMN13284003
SRR10534088	rhizosphere	2016	SAMN13284004
SRR10534089	rhizosphere	2016	SAMN13284005
SRR10534090	rhizosphere	2016	SAMN13284006
SRR10534091	rhizosphere	2016	SAMN13284007
SRR10534092	rhizosphere	2016	SAMN13284008
SRR10534093	rhizosphere	2016	SAMN13284009
SRR10534094	rhizosphere	2016	SAMN13284010
SRR10534095	rhizosphere	2016	SAMN13284011
SRR10534096	Bulk soil	2016	SAMN13284023
SRR10534097	rhizosphere	2016	SAMN13284013
SRR10534098	rhizosphere	2016	SAMN13284014
SRR10534099	rhizosphere	2016	SAMN13284015
SRR10534100	rhizosphere	2016	SAMN13284016
SRR10534101	rhizosphere	2016	SAMN13284017
SRR10534102	rhizosphere	2016	SAMN13284018
SRR10534103	rhizosphere	2016	SAMN13284019
SRR10534104	rhizosphere	2016	SAMN13284020
SRR10534105	rhizosphere	2016	SAMN13284021
SRR10534106	rhizosphere	2016	SAMN13284022
SRR10534107	Bulk soil	2016	SAMN13284034
SRR10534108	rhizosphere	2016	SAMN13284024
SRR10534109	rhizosphere	2016	SAMN13284025
SRR10534110	rhizosphere	2016	SAMN13284026
SRR10534111	rhizosphere	2016	SAMN13284027
SRR10534112	rhizosphere	2016	SAMN13284028
SRR10534113	rhizosphere	2016	SAMN13284029
SRR10534114	rhizosphere	2016	SAMN13284030
SRR10534115	rhizosphere	2016	SAMN13284031
SRR10534116	rhizosphere	2016	SAMN13284032
SRR10534117	rhizosphere	2016	SAMN13284033
SRR10534118	Bulk soil	2016	SAMN13284045
SRR10534119	rhizosphere	2016	SAMN13284035
SRR10534120	rhizosphere	2016	SAMN13284036
SRR10534121	rhizosphere	2016	SAMN13284037
SRR10534122	rhizosphere	2016	SAMN13284038
SRR10534123	rhizosphere	2016	SAMN13284039
SRR10534124	rhizosphere	2016	SAMN13284040
SRR10534125	rhizosphere	2016	SAMN13284041
SRR10534126	rhizosphere	2016	SAMN13284042
SRR10534127	rhizosphere	2016	SAMN13284043
SRR10534128	rhizosphere	2016	SAMN13284044
SRR10534129	Bulk soil	2016	SAMN13284056
SRR10534130	rhizosphere	2016	SAMN13284046
SRR10534131	rhizosphere	2016	SAMN13284047
SRR10534132	rhizosphere	2016	SAMN13284048
SRR10534133	rhizosphere	2016	SAMN13284049
SRR10534134	rhizosphere	2016	SAMN13284050
SRR10534135	Bulk soil	2016	SAMN13284051
SRR10534136	Bulk soil	2016	SAMN13284052
SRR10534137	Bulk soil	2016	SAMN13284053
SRR10534138	Bulk soil	2016	SAMN13284054
SRR10534139	Bulk soil	2016	SAMN13284055
SRR10534140	Bulk soil	2016	SAMN13284135
SRR10534141	Bulk soil	2016	SAMN13284068
SRR10534142	Bulk soil	2016	SAMN13284058
SRR10534143	Bulk soil	2016	SAMN13284059
SRR10534144	Bulk soil	2016	SAMN13284060
SRR10534145	Bulk soil	2016	SAMN13284061
SRR10534146	Bulk soil	2016	SAMN13284062
SRR10534147	Bulk soil	2016	SAMN13284063
SRR10534148	Bulk soil	2016	SAMN13284064
SRR10534149	Bulk soil	2016	SAMN13284065
SRR10534150	Bulk soil	2016	SAMN13284066
SRR10534151	Bulk soil	2016	SAMN13284067
SRR10534152	Bulk soil	2016	SAMN13284079
SRR10534153	Bulk soil	2016	SAMN13284069
SRR10534154	Bulk soil	2016	SAMN13284070
SRR10534155	Bulk soil	2016	SAMN13284071
SRR10534156	Bulk soil	2016	SAMN13284072
SRR10534157	Bulk soil	2016	SAMN13284073
SRR10534158	Bulk soil	2016	SAMN13284074
SRR10534159	Bulk soil	2016	SAMN13284075
SRR10534160	Bulk soil	2016	SAMN13284076
SRR10534161	Bulk soil	2016	SAMN13284077
SRR10534162	Bulk soil	2016	SAMN13284078
SRR10534163	Bulk soil	2016	SAMN13284090
SRR10534164	Bulk soil	2016	SAMN13284080
SRR10534165	Bulk soil	2016	SAMN13284081
SRR10534166	Bulk soil	2016	SAMN13284082
SRR10534167	Bulk soil	2016	SAMN13284083
SRR10534168	Bulk soil	2016	SAMN13284084
SRR10534169	Bulk soil	2016	SAMN13284085
SRR10534170	Bulk soil	2016	SAMN13284086
SRR10534171	Bulk soil	2016	SAMN13284087
SRR10534172	Bulk soil	2016	SAMN13284088
SRR10534173	Bulk soil	2016	SAMN13284089
SRR10534174	Bulk soil	2016	SAMN13284101
SRR10534175	Bulk soil	2016	SAMN13284091
SRR10534176	Bulk soil	2016	SAMN13284092
SRR10534177	Bulk soil	2016	SAMN13284093
SRR10534178	Bulk soil	2016	SAMN13284094
SRR10534179	Bulk soil	2016	SAMN13284095
SRR10534180	Bulk soil	2016	SAMN13284096
SRR10534181	Bulk soil	2016	SAMN13284097
SRR10534182	Bulk soil	2016	SAMN13284098
SRR10534183	Bulk soil	2016	SAMN13284099
SRR10534184	Bulk soil	2016	SAMN13284100
SRR10534185	Bulk soil	2016	SAMN13284112
SRR10534186	Bulk soil	2016	SAMN13284102
SRR10534187	Bulk soil	2016	SAMN13284103
SRR10534188	Bulk soil	2016	SAMN13284104
SRR10534189	Bulk soil	2016	SAMN13284105
SRR10534190	Bulk soil	2016	SAMN13284106
SRR10534191	Bulk soil	2016	SAMN13284107
SRR10534192	Bulk soil	2016	SAMN13284108
SRR10534193	Bulk soil	2016	SAMN13284109
SRR10534194	Bulk soil	2016	SAMN13284110
SRR10534195	Bulk soil	2016	SAMN13284111
SRR10534196	Bulk soil	2016	SAMN13284123
SRR10534197	Bulk soil	2016	SAMN13284113
SRR10534198	Bulk soil	2016	SAMN13284114
SRR10534199	Bulk soil	2016	SAMN13284115
SRR10534200	Bulk soil	2016	SAMN13284116
SRR10534201	Bulk soil	2016	SAMN13284117
SRR10534202	Bulk soil	2016	SAMN13284118
SRR10534203	Bulk soil	2016	SAMN13284119
SRR10534204	Bulk soil	2016	SAMN13284120
SRR10534205	Bulk soil	2016	SAMN13284121
SRR10534206	Bulk soil	2016	SAMN13284122
SRR10534207	Bulk soil	2016	SAMN13284131
SRR10534208	Bulk soil	2016	SAMN13284124
SRR10534209	Bulk soil	2016	SAMN13284125
SRR10534210	Bulk soil	2016	SAMN13284126
SRR10534211	Bulk soil	2016	SAMN13284127
SRR10534212	Bulk soil	2016	SAMN13284128
SRR10534213	Bulk soil	2016	SAMN13284129
SRR10534214	Bulk soil	2016	SAMN13284130
SRR10534215	Bulk soil	2016	SAMN13284132
SRR10534216	Bulk soil	2016	SAMN13284133
SRR10534217	Bulk soil	2016	SAMN13284134
SRR10534218	Bulk soil	2016	SAMN13284146
SRR10534219	Bulk soil	2016	SAMN13284136
SRR10534220	Bulk soil	2016	SAMN13284137
SRR10534221	Bulk soil	2016	SAMN13284138
SRR10534222	Bulk soil	2016	SAMN13284139
SRR10534223	Bulk soil	2016	SAMN13284140
SRR10534224	Bulk soil	2016	SAMN13284141
SRR10534225	Bulk soil	2016	SAMN13284142
SRR10534226	Bulk soil	2016	SAMN13284143
SRR10534227	Bulk soil	2016	SAMN13284144
SRR10534228	Bulk soil	2016	SAMN13284145
SRR10534229	Bulk soil	2016	SAMN13284157
SRR10534230	Bulk soil	2016	SAMN13284147
SRR10534231	Bulk soil	2016	SAMN13284148
SRR10534232	Bulk soil	2016	SAMN13284149
SRR10534233	Bulk soil	2016	SAMN13284150
SRR10534234	Bulk soil	2016	SAMN13284151
SRR10534235	Bulk soil	2016	SAMN13284152
SRR10534236	Bulk soil	2016	SAMN13284153
SRR10534237	Bulk soil	2016	SAMN13284154
SRR10534238	Bulk soil	2016	SAMN13284155
SRR10534239	Bulk soil	2016	SAMN13284156
SRR10534240	Bulk soil	2016	SAMN13284213
SRR10534241	Bulk soil	2016	SAMN13284158
SRR10534242	Bulk soil	2016	SAMN13284159
SRR10534243	Bulk soil	2016	SAMN13284160
SRR10534244	Bulk soil	2016	SAMN13284161
SRR10534245	Bulk soil	2016	SAMN13284162
SRR10534246	Bulk soil	2016	SAMN13284168
SRR10534247	rhizosphere	2016	SAMN13284163
SRR10534248	rhizosphere	2016	SAMN13284164
SRR10534249	rhizosphere	2016	SAMN13284165
SRR10534250	rhizosphere	2016	SAMN13284166
SRR10534251	rhizosphere	2016	SAMN13284167
SRR10534252	Bulk soil	2016	SAMN13284179
SRR10534253	rhizosphere	2016	SAMN13284169
SRR10534254	rhizosphere	2016	SAMN13284170
SRR10534255	rhizosphere	2016	SAMN13284171
SRR10534256	rhizosphere	2016	SAMN13284172
SRR10534257	rhizosphere	2016	SAMN13284173
SRR10534258	rhizosphere	2016	SAMN13284174
SRR10534259	rhizosphere	2016	SAMN13284175
SRR10534260	rhizosphere	2016	SAMN13284176
SRR10534261	rhizosphere	2016	SAMN13284177
SRR10534262	rhizosphere	2016	SAMN13284178
SRR10534263	Bulk soil	2016	SAMN13284190
SRR10534264	rhizosphere	2016	SAMN13284180
SRR10534265	rhizosphere	2016	SAMN13284181
SRR10534266	rhizosphere	2016	SAMN13284182
SRR10534267	rhizosphere	2016	SAMN13284183
SRR10534268	rhizosphere	2016	SAMN13284184
SRR10534269	rhizosphere	2016	SAMN13284185
SRR10534270	rhizosphere	2016	SAMN13284186
SRR10534271	rhizosphere	2016	SAMN13284187
SRR10534272	rhizosphere	2016	SAMN13284188
SRR10534273	rhizosphere	2016	SAMN13284189
SRR10534274	Bulk soil	2016	SAMN13284201
SRR10534275	rhizosphere	2016	SAMN13284191
SRR10534276	rhizosphere	2016	SAMN13284192
SRR10534277	rhizosphere	2016	SAMN13284193
SRR10534278	rhizosphere	2016	SAMN13284194
SRR10534279	rhizosphere	2016	SAMN13284195
SRR10534280	rhizosphere	2016	SAMN13284196
SRR10534281	rhizosphere	2016	SAMN13284197
SRR10534282	rhizosphere	2016	SAMN13284198
SRR10534283	rhizosphere	2016	SAMN13284199
SRR10534284	rhizosphere	2016	SAMN13284200
SRR10534285	Bulk soil	2016	SAMN13284212
SRR10534286	rhizosphere	2016	SAMN13284202
SRR10534287	rhizosphere	2016	SAMN13284203
SRR10534288	rhizosphere	2016	SAMN13284204
SRR10534289	rhizosphere	2016	SAMN13284205
SRR10534290	rhizosphere	2016	SAMN13284206
SRR10534291	rhizosphere	2016	SAMN13284207
SRR10534292	rhizosphere	2016	SAMN13284208
SRR10534293	rhizosphere	2016	SAMN13284209
SRR10534294	rhizosphere	2016	SAMN13284210
SRR10534295	rhizosphere	2016	SAMN13284211
SRR10534296	Bulk soil	2015	SAMN13283716
SRR10534297	Bulk soil	2015	SAMN13283723
SRR10534298	Bulk soil	2015	SAMN13283722
SRR10534299	Bulk soil	2015	SAMN13283753
SRR10534300	Bulk soil	2015	SAMN13283724
SRR10534301	Bulk soil	2015	SAMN13283725
SRR10534302	Bulk soil	2015	SAMN13283732
SRR10534303	Bulk soil	2015	SAMN13283739
SRR10534304	Bulk soil	2015	SAMN13283740
SRR10534305	Bulk soil	2015	SAMN13283782
SRR10534306	Bulk soil	2015	SAMN13283754
SRR10534307	Bulk soil	2015	SAMN13283755
SRR10534308	Bulk soil	2015	SAMN13283756
SRR10534309	Bulk soil	2015	SAMN13283757
SRR10534310	Bulk soil	2015	SAMN13283758
SRR10534311	Bulk soil	2015	SAMN13283759
SRR10534312	Bulk soil	2015	SAMN13283760
SRR10534313	Bulk soil	2015	SAMN13283761
SRR10534314	Bulk soil	2015	SAMN13283762
SRR10534315	Bulk soil	2015	SAMN13283763
SRR10534316	Bulk soil	2015	SAMN13283764
SRR10534317	Bulk soil	2015	SAMN13283765
SRR10534318	Bulk soil	2015	SAMN13283766
SRR10534319	Bulk soil	2015	SAMN13283767
SRR10534320	Bulk soil	2015	SAMN13283768
SRR10534321	Bulk soil	2015	SAMN13283769
SRR10534322	Bulk soil	2015	SAMN13283770
SRR10534323	Bulk soil	2015	SAMN13283773
SRR10534324	Bulk soil	2015	SAMN13283771
SRR10534325	Bulk soil	2015	SAMN13283772
SRR10534326	Bulk soil	2015	SAMN13283774
SRR10534327	Bulk soil	2015	SAMN13283775
SRR10534328	Bulk soil	2015	SAMN13283776
SRR10534329	Bulk soil	2015	SAMN13283777
SRR10534330	Bulk soil	2015	SAMN13283778
SRR10534331	Bulk soil	2015	SAMN13283779
SRR10534332	Bulk soil	2015	SAMN13283780
SRR10534333	Bulk soil	2015	SAMN13283781
SRR10534334	Bulk soil	2015	SAMN13283785
SRR10534335	Bulk soil	2015	SAMN13283783
SRR10534336	Bulk soil	2015	SAMN13283784
SRR10534337	Bulk soil	2015	SAMN13283789
SRR10534338	Bulk soil	2015	SAMN13283786
SRR10534339	Bulk soil	2015	SAMN13283787
SRR10534340	Bulk soil	2015	SAMN13283788
SRR10534341	Bulk soil	2015	SAMN13283790
SRR10534342	Bulk soil	2015	SAMN13283791
SRR10534343	Bulk soil	2015	SAMN13283792
SRR10534344		2016	SAMN13283805
SRR10534345	Bulk soil	2015	SAMN13285809
SRR10534346	Bulk soil	2015	SAMN13285810
SRR10534347	Bulk soil	2015	SAMN13285811
SRR10534348	Bulk soil	2015	SAMN13285812
SRR10534349	Bulk soil	2015	SAMN13285813
SRR10534350	Bulk soil	2015	SAMN13285814
SRR10534351	Bulk soil	2015	SAMN13285815
SRR10534352	Bulk soil	2015	SAMN13285816
SRR10534353	Bulk soil	2015	SAMN13285817
SRR10534354	Bulk soil	2015	SAMN13285818
SRR10534355	Bulk soil	2015	SAMN13285819
SRR10534356	Bulk soil	2015	SAMN13285824
SRR10534357	Bulk soil	2015	SAMN13285820
SRR10534358	Bulk soil	2015	SAMN13285821
SRR10534359	Bulk soil	2015	SAMN13285822
SRR10534360	Bulk soil	2015	SAMN13285823
SRR10534361	Bulk soil	2015	SAMN13285825
SRR10534362	Bulk soil	2015	SAMN13285826
SRR10453922	rhizosphere	2015	SAMN13283916
SRR10453923	rhizosphere	2015	SAMN13283917
SRR10453924	Bulk soil	2015	SAMN13283925
SRR10453925	rhizosphere	2015	SAMN13283919
SRR10453926	rhizosphere	2015	SAMN13283920
SRR10453927	rhizosphere	2015	SAMN13283921
SRR10453928	rhizosphere	2015	SAMN13283922
SRR10453929	rhizosphere	2015	SAMN13283923
SRR10453930	rhizosphere	2015	SAMN13283924
SRR10453931	Bulk soil	2016	SAMN13283936
SRR10453932	rhizosphere	2016	SAMN13283926
SRR10453933	rhizosphere	2016	SAMN13283927
SRR10453934	rhizosphere	2016	SAMN13283928
SRR10453935	rhizosphere	2016	SAMN13283929
SRR10453936	rhizosphere	2016	SAMN13283930
SRR10453937	rhizosphere	2016	SAMN13283931
SRR10453938	rhizosphere	2016	SAMN13283932
SRR10453939	rhizosphere	2016	SAMN13283933
SRR10453940	rhizosphere	2016	SAMN13283934
SRR10453941	rhizosphere	2016	SAMN13283935
SRR10453942	Bulk soil	2016	SAMN13283947
SRR10453943	rhizosphere	2016	SAMN13283937
SRR10453944	rhizosphere	2016	SAMN13283938
SRR10453945	rhizosphere	2016	SAMN13283939
SRR10453946	rhizosphere	2016	SAMN13283940
SRR10453947	rhizosphere	2016	SAMN13283941
SRR10453948	rhizosphere	2016	SAMN13283942
SRR10453949	rhizosphere	2016	SAMN13283943
SRR10453950	rhizosphere	2016	SAMN13283944
SRR10453951	rhizosphere	2016	SAMN13283945
SRR10453952	rhizosphere	2016	SAMN13283946
SRR10453953	Bulk soil	2016	SAMN13283958
SRR10453954	rhizosphere	2016	SAMN13283948
SRR10453955	rhizosphere	2016	SAMN13283949
SRR10453956	rhizosphere	2016	SAMN13283950
SRR10453957	rhizosphere	2016	SAMN13283951
SRR10453958	rhizosphere	2016	SAMN13283952
SRR10453959	rhizosphere	2016	SAMN13283953
SRR10453960	rhizosphere	2016	SAMN13283954
SRR10453961	Bulk soil	2016	SAMN13283955
SRR10453962	Bulk soil	2016	SAMN13283956
SRR10453963	Bulk soil	2016	SAMN13283957
SRR10453964	Bulk soil	2016	SAMN13283969
SRR10453965	Bulk soil	2016	SAMN13283959
SRR10453966	Bulk soil	2016	SAMN13283960
SRR10453967	Bulk soil	2016	SAMN13283961
SRR10453968	Bulk soil	2016	SAMN13283962
SRR10453969	Bulk soil	2016	SAMN13283963
SRR10453970	Bulk soil	2016	SAMN13283964
SRR10453971	Bulk soil	2016	SAMN13283965
SRR10453972	Bulk soil	2016	SAMN13283966
SRR10453973	Bulk soil	2016	SAMN13283967
SRR10453974	Bulk soil	2016	SAMN13283968
SRR10453975	Bulk soil	2016	SAMN13284057
SRR10453976	Bulk soil	2016	SAMN13283970
SRR10453977	Bulk soil	2016	SAMN13283971
SRR10453978	Bulk soil	2016	SAMN13283979
SRR10453979	rhizosphere	2016	SAMN13283972
SRR10453980	rhizosphere	2016	SAMN13283973
SRR10453981	rhizosphere	2016	SAMN13283974
SRR10453982	rhizosphere	2016	SAMN13283975
SRR10453983	rhizosphere	2016	SAMN13283976
SRR10453984	rhizosphere	2016	SAMN13283977
SRR10453985	rhizosphere	2016	SAMN13283978
SRR10453986	Bulk soil	2016	SAMN13283990
SRR10453987	rhizosphere	2016	SAMN13283980
SRR10453988	rhizosphere	2016	SAMN13283981
SRR10453989	rhizosphere	2016	SAMN13283982
SRR10453990	rhizosphere	2016	SAMN13283983
SRR10453991	rhizosphere	2016	SAMN13283984
SRR10453992	rhizosphere	2016	SAMN13283985
SRR10453993	rhizosphere	2016	SAMN13283986
SRR10453994	rhizosphere	2016	SAMN13283987
SRR10453995	rhizosphere	2016	SAMN13283988
SRR10453996	rhizosphere	2016	SAMN13283989
SRR10453997	Bulk soil	2016	SAMN13284001
SRR10453998	rhizosphere	2016	SAMN13283991
SRR10453999	rhizosphere	2016	SAMN13283992
SRR10454000	rhizosphere	2016	SAMN13283993
SRR10454001	rhizosphere	2016	SAMN13283994
SRR10454002	rhizosphere	2016	SAMN13283995
SRR10454003	rhizosphere	2016	SAMN13283996
SRR10454004	rhizosphere	2016	SAMN13283997
SRR10454005	rhizosphere	2016	SAMN13283998
SRR10454006	rhizosphere	2016	SAMN13283999
SRR10454007	rhizosphere	2016	SAMN13284000
SRR10454008	Bulk soil	2016	SAMN13284012
SRR10454009	rhizosphere	2016	SAMN13284002
SRR10454010	rhizosphere	2016	SAMN13284003
SRR10454011	rhizosphere	2016	SAMN13284004
SRR10454012	rhizosphere	2016	SAMN13284005
SRR10454013	rhizosphere	2016	SAMN13284006
SRR10454014	rhizosphere	2016	SAMN13284007
SRR10454015	rhizosphere	2016	SAMN13284008
SRR10454016	rhizosphere	2016	SAMN13284009
SRR10454017	rhizosphere	2016	SAMN13284010
SRR10454018	rhizosphere	2016	SAMN13284011
SRR10454019	Bulk soil	2016	SAMN13284023
SRR10454020	rhizosphere	2016	SAMN13284013
SRR10454021	rhizosphere	2016	SAMN13284014
SRR10454022	rhizosphere	2016	SAMN13284015
SRR10454023	rhizosphere	2016	SAMN13284016
SRR10454024	rhizosphere	2016	SAMN13284017
SRR10454025	rhizosphere	2016	SAMN13284018
SRR10454026	rhizosphere	2016	SAMN13284019
SRR10454027	rhizosphere	2016	SAMN13284020
SRR10454028	rhizosphere	2016	SAMN13284021
SRR10454029	rhizosphere	2016	SAMN13284022
SRR10454030	Bulk soil	2016	SAMN13284034
SRR10454031	rhizosphere	2016	SAMN13284024
SRR10454032	rhizosphere	2016	SAMN13284025
SRR10454033	rhizosphere	2016	SAMN13284026
SRR10454034	rhizosphere	2016	SAMN13284027
SRR10454035	rhizosphere	2016	SAMN13284028
SRR10454036	rhizosphere	2016	SAMN13284029
SRR10454037	rhizosphere	2016	SAMN13284030
SRR10454038	rhizosphere	2016	SAMN13284031
SRR10454039	rhizosphere	2016	SAMN13284032
SRR10454040	rhizosphere	2016	SAMN13284033
SRR10454041	Bulk soil	2016	SAMN13284045
SRR10454042	rhizosphere	2016	SAMN13284035
SRR10454043	rhizosphere	2016	SAMN13284036
SRR10454044	rhizosphere	2016	SAMN13284037
SRR10454045	rhizosphere	2016	SAMN13284038
SRR10454046	rhizosphere	2016	SAMN13284039
SRR10454047	rhizosphere	2016	SAMN13284040
SRR10454048	rhizosphere	2016	SAMN13284041
SRR10454049	rhizosphere	2016	SAMN13284042
SRR10454050	rhizosphere	2016	SAMN13284043
SRR10454051	rhizosphere	2016	SAMN13284044
SRR10454052	Bulk soil	2016	SAMN13284056
SRR10454053	rhizosphere	2016	SAMN13284046
SRR10454054	rhizosphere	2016	SAMN13284047
SRR10454055	rhizosphere	2016	SAMN13284048
SRR10454056	rhizosphere	2016	SAMN13284049
SRR10454057	rhizosphere	2016	SAMN13284050
SRR10454058	Bulk soil	2016	SAMN13284051
SRR10454059	Bulk soil	2016	SAMN13284052
SRR10454060	Bulk soil	2016	SAMN13284053
SRR10454061	Bulk soil	2016	SAMN13284054
SRR10454062	Bulk soil	2016	SAMN13284055
SRR10454063	Bulk soil	2016	SAMN13284135
SRR10454064	Bulk soil	2016	SAMN13284068
SRR10454065	Bulk soil	2016	SAMN13284058
SRR10454066	Bulk soil	2016	SAMN13284059
SRR10454067	Bulk soil	2016	SAMN13284060
SRR10454068	Bulk soil	2016	SAMN13284061
SRR10454069	Bulk soil	2016	SAMN13284062
SRR10454070	Bulk soil	2016	SAMN13284063
SRR10454071	Bulk soil	2016	SAMN13284064
SRR10454072	Bulk soil	2016	SAMN13284065
SRR10454073	Bulk soil	2016	SAMN13284066
SRR10454074	Bulk soil	2016	SAMN13284067
SRR10454075	Bulk soil	2016	SAMN13284079
SRR10454076	Bulk soil	2016	SAMN13284069
SRR10454077	Bulk soil	2016	SAMN13284070
SRR10454078	Bulk soil	2016	SAMN13284071
SRR10454079	Bulk soil	2016	SAMN13284072
SRR10454080	Bulk soil	2016	SAMN13284073
SRR10454081	Bulk soil	2016	SAMN13284074
SRR10454082	Bulk soil	2016	SAMN13284075
SRR10454083	Bulk soil	2016	SAMN13284076
SRR10454084	Bulk soil	2016	SAMN13284077
SRR10454085	Bulk soil	2016	SAMN13284078
SRR10454086	Bulk soil	2016	SAMN13284090
SRR10454087	Bulk soil	2016	SAMN13284080
SRR10454088	Bulk soil	2016	SAMN13284081
SRR10454089	Bulk soil	2016	SAMN13284082
SRR10454090	Bulk soil	2016	SAMN13284083
SRR10454091	Bulk soil	2016	SAMN13284084
SRR10454092	Bulk soil	2016	SAMN13284085
SRR10454093	Bulk soil	2016	SAMN13284086
SRR10454094	Bulk soil	2016	SAMN13284087
SRR10454095	Bulk soil	2016	SAMN13284088
SRR10454096	Bulk soil	2016	SAMN13284089
SRR10454097	Bulk soil	2016	SAMN13284101
SRR10454098	Bulk soil	2016	SAMN13284091
SRR10454099	Bulk soil	2016	SAMN13284092
SRR10454100	Bulk soil	2016	SAMN13284093
SRR10454101	Bulk soil	2016	SAMN13284094
SRR10454102	Bulk soil	2016	SAMN13284095
SRR10454103	Bulk soil	2016	SAMN13284096
SRR10454104	Bulk soil	2016	SAMN13284097
SRR10454105	Bulk soil	2016	SAMN13284098
SRR10454106	Bulk soil	2016	SAMN13284099
SRR10454107	Bulk soil	2016	SAMN13284100
SRR10454108	Bulk soil	2016	SAMN13284112
SRR10454109	Bulk soil	2016	SAMN13284102
SRR10454110	Bulk soil	2016	SAMN13284103
SRR10454111	Bulk soil	2016	SAMN13284104
SRR10454112	Bulk soil	2016	SAMN13284105
SRR10454113	Bulk soil	2016	SAMN13284106
SRR10454114	Bulk soil	2016	SAMN13284107
SRR10454115	Bulk soil	2016	SAMN13284108
SRR10454116	Bulk soil	2016	SAMN13284109
SRR10454117	Bulk soil	2016	SAMN13284110
SRR10454118	Bulk soil	2016	SAMN13284111
SRR10454119	Bulk soil	2016	SAMN13284123
SRR10454120	Bulk soil	2016	SAMN13284113
SRR10454121	Bulk soil	2016	SAMN13284114
SRR10454122	Bulk soil	2016	SAMN13284115
SRR10454123	Bulk soil	2016	SAMN13284116
SRR10454124	Bulk soil	2016	SAMN13284117
SRR10454125	Bulk soil	2016	SAMN13284118
SRR10454126	Bulk soil	2016	SAMN13284119
SRR10454127	Bulk soil	2016	SAMN13284120
SRR10454128	Bulk soil	2016	SAMN13284121
SRR10454129	Bulk soil	2016	SAMN13284122
SRR10454130	Bulk soil	2016	SAMN13284131
SRR10454131	Bulk soil	2016	SAMN13284124
SRR10454132	Bulk soil	2016	SAMN13284125
SRR10454133	Bulk soil	2016	SAMN13284126
SRR10454134	Bulk soil	2016	SAMN13284127
SRR10454135	Bulk soil	2016	SAMN13284128
SRR10454136	Bulk soil	2016	SAMN13284129
SRR10454137	Bulk soil	2016	SAMN13284130
SRR10454138	Bulk soil	2016	SAMN13284132
SRR10454139	Bulk soil	2016	SAMN13284133
SRR10454140	Bulk soil	2016	SAMN13284134
SRR10454141	Bulk soil	2016	SAMN13284146
SRR10454142	Bulk soil	2016	SAMN13284136
SRR10454143	Bulk soil	2016	SAMN13284137
SRR10454144	Bulk soil	2016	SAMN13284138
SRR10454145	Bulk soil	2016	SAMN13284139
SRR10454146	Bulk soil	2016	SAMN13284140
SRR10454147	Bulk soil	2016	SAMN13284141
SRR10454148	Bulk soil	2016	SAMN13284142
SRR10454149	Bulk soil	2016	SAMN13284143
SRR10454150	Bulk soil	2016	SAMN13284144
SRR10454151	Bulk soil	2016	SAMN13284145
SRR10454152	Bulk soil	2016	SAMN13284157
SRR10454153	Bulk soil	2016	SAMN13284147
SRR10454154	Bulk soil	2016	SAMN13284148
SRR10454155	Bulk soil	2016	SAMN13284149
SRR10454156	Bulk soil	2016	SAMN13284150
SRR10454157	Bulk soil	2016	SAMN13284151
SRR10454158	Bulk soil	2016	SAMN13284152
SRR10454159	Bulk soil	2016	SAMN13284153
SRR10454160	Bulk soil	2016	SAMN13284154
SRR10454161	Bulk soil	2016	SAMN13284155
SRR10454162	Bulk soil	2016	SAMN13284156
SRR10454163	Bulk soil	2016	SAMN13284213
SRR10454164	Bulk soil	2016	SAMN13284158
SRR10454165	Bulk soil	2016	SAMN13284159
SRR10454166	Bulk soil	2016	SAMN13284160
SRR10454167	Bulk soil	2016	SAMN13284161
SRR10454168	Bulk soil	2016	SAMN13284162
SRR10454169	Bulk soil	2016	SAMN13284168
SRR10454170	rhizosphere	2016	SAMN13284163
SRR10454171	rhizosphere	2016	SAMN13284164
SRR10454172	rhizosphere	2016	SAMN13284165
SRR10454173	rhizosphere	2016	SAMN13284166
SRR10454174	rhizosphere	2016	SAMN13284167
SRR10454175	Bulk soil	2016	SAMN13284179
SRR10454176	rhizosphere	2016	SAMN13284169
SRR10454177	rhizosphere	2016	SAMN13284170
SRR10454178	rhizosphere	2016	SAMN13284171
SRR10454179	rhizosphere	2016	SAMN13284172
SRR10454180	rhizosphere	2016	SAMN13284173
SRR10454181	rhizosphere	2016	SAMN13284174
SRR10454182	rhizosphere	2016	SAMN13284175
SRR10454183	rhizosphere	2016	SAMN13284176
SRR10454184	rhizosphere	2016	SAMN13284177
SRR10454185	rhizosphere	2016	SAMN13284178
SRR10454186	Bulk soil	2016	SAMN13284190
SRR10454187	rhizosphere	2016	SAMN13284180
SRR10454188	rhizosphere	2016	SAMN13284181
SRR10454189	rhizosphere	2016	SAMN13284182
SRR10454190	rhizosphere	2016	SAMN13284183
SRR10454191	rhizosphere	2016	SAMN13284184
SRR10454192	rhizosphere	2016	SAMN13284185
SRR10454193	rhizosphere	2016	SAMN13284186
SRR10454194	rhizosphere	2016	SAMN13284187
SRR10454195	rhizosphere	2016	SAMN13284188
SRR10454196	rhizosphere	2016	SAMN13284189
SRR10454197	Bulk soil	2016	SAMN13284201
SRR10454198	rhizosphere	2016	SAMN13284191
SRR10454199	rhizosphere	2016	SAMN13284192
SRR10454200	rhizosphere	2016	SAMN13284193
SRR10454201	rhizosphere	2016	SAMN13284194
SRR10454202	rhizosphere	2016	SAMN13284195
SRR10454203	rhizosphere	2016	SAMN13284196
SRR10454204	rhizosphere	2016	SAMN13284197
SRR10454205	rhizosphere	2016	SAMN13284198
SRR10454206	rhizosphere	2016	SAMN13284199
SRR10454207	rhizosphere	2016	SAMN13284200
SRR10454208	Bulk soil	2016	SAMN13284212
SRR10454209	rhizosphere	2016	SAMN13284202
SRR10454210	rhizosphere	2016	SAMN13284203
SRR10454211	rhizosphere	2016	SAMN13284204
SRR10454212	rhizosphere	2016	SAMN13284205
SRR10454213	rhizosphere	2016	SAMN13284206
SRR10454214	rhizosphere	2016	SAMN13284207
SRR10454215	rhizosphere	2016	SAMN13284208
SRR10454216	rhizosphere	2016	SAMN13284209
SRR10454217	rhizosphere	2016	SAMN13284210
SRR10454218	rhizosphere	2016	SAMN13284211
SRR10454219	Bulk soil	2015	SAMN13283673
SRR10454220	Bulk soil	2015	SAMN13283674
SRR10454221	Bulk soil	2015	SAMN13283675
SRR10454222	Bulk soil	2015	SAMN13283676
SRR10454223	Bulk soil	2015	SAMN13283684
SRR10454224	Bulk soil	2015	SAMN13283677
SRR10454225	Bulk soil	2015	SAMN13283678
SRR10454226	Bulk soil	2015	SAMN13283679
SRR10454227	Bulk soil	2015	SAMN13283680
SRR10454228	Bulk soil	2015	SAMN13283681
SRR10454229	Bulk soil	2015	SAMN13283682
SRR10454230	Bulk soil	2015	SAMN13283683
SRR10454231	Bulk soil	2015	SAMN13283693
SRR10454232	Bulk soil	2015	SAMN13283685
SRR10454233	Bulk soil	2015	SAMN13283686
SRR10454234	Bulk soil	2015	SAMN13283687
SRR10454235	Bulk soil	2015	SAMN13283688
SRR10454236	Bulk soil	2015	SAMN13283689
SRR10454237	Bulk soil	2015	SAMN13283690
SRR10454238	Bulk soil	2015	SAMN13283691
SRR10454239	Bulk soil	2015	SAMN13283692
SRR10454240	Bulk soil	2015	SAMN13283701
SRR10454241	Bulk soil	2015	SAMN13283694
SRR10454242	Bulk soil	2015	SAMN13283695
SRR10454243	Bulk soil	2015	SAMN13283696
SRR10454244	Bulk soil	2015	SAMN13283697
SRR10454245	Bulk soil	2015	SAMN13283698
SRR10454246	Bulk soil	2015	SAMN13283699
SRR10454247	Bulk soil	2015	SAMN13283700
SRR10454248	Bulk soil	2015	SAMN13283702
SRR10454249	Bulk soil	2015	SAMN13283703
SRR10454250	Bulk soil	2015	SAMN13283704
SRR10454251	Bulk soil	2015	SAMN13283705
SRR10454252	Bulk soil	2015	SAMN13283706
SRR10454253	Bulk soil	2015	SAMN13283707
SRR10454254	Bulk soil	2015	SAMN13283708
SRR10454255	rhizosphere	2015	SAMN13283709
SRR10454256	rhizosphere	2015	SAMN13283710
SRR10454257	rhizosphere	2015	SAMN13283711
SRR10454258	rhizosphere	2015	SAMN13283712
SRR10454259	rhizosphere	2015	SAMN13283713
SRR10454260	Bulk soil	2015	SAMN13283716
SRR10454261	rhizosphere	2015	SAMN13283714
SRR10454262	rhizosphere	2015	SAMN13283715
SRR10454263	rhizosphere	2015	SAMN13283717
SRR10454264	rhizosphere	2015	SAMN13283718
SRR10454265	rhizosphere	2015	SAMN13283719
SRR10454266	rhizosphere	2015	SAMN13283720
SRR10454267	rhizosphere	2015	SAMN13283721
SRR10454268	Bulk soil	2015	SAMN13283723
SRR10454269	Bulk soil	2015	SAMN13283722
SRR10454270	Bulk soil	2015	SAMN13283753
SRR10454271	Bulk soil	2015	SAMN13283724
SRR10454272	Bulk soil	2015	SAMN13283725
SRR10454273	rhizosphere	2015	SAMN13283726
SRR10454274	rhizosphere	2015	SAMN13283727
SRR10454275	rhizosphere	2015	SAMN13283728
SRR10454276	Bulk soil	2015	SAMN13283732
SRR10454277	rhizosphere	2015	SAMN13283729
SRR10454278	rhizosphere	2015	SAMN13283730
SRR10454279	rhizosphere	2015	SAMN13283731
SRR10454280	Bulk soil	2015	SAMN13283739
SRR10454281	rhizosphere	2015	SAMN13283733
SRR10454282	rhizosphere	2015	SAMN13283734
SRR10454283	rhizosphere	2015	SAMN13283735
SRR10454284	rhizosphere	2015	SAMN13283736
SRR10454285	rhizosphere	2015	SAMN13283737
SRR10454286	rhizosphere	2015	SAMN13283738
SRR10454287	Bulk soil	2015	SAMN13283740
SRR10454288	rhizosphere	2015	SAMN13283741
SRR10454289	rhizosphere	2015	SAMN13283742
SRR10454290	rhizosphere	2015	SAMN13283743
SRR10454291	rhizosphere	2015	SAMN13283744
SRR10454292	rhizosphere	2015	SAMN13283745
SRR10454293	rhizosphere	2015	SAMN13283746
SRR10454294	rhizosphere	2015	SAMN13283747
SRR10454295	rhizosphere	2015	SAMN13283748
SRR10454296	rhizosphere	2015	SAMN13283749
SRR10454297	rhizosphere	2015	SAMN13283750
SRR10454298	rhizosphere	2015	SAMN13283751
SRR10454299	rhizosphere	2015	SAMN13283752
SRR10454300	Bulk soil	2015	SAMN13283782
SRR10454301	Bulk soil	2015	SAMN13283754
SRR10454302	Bulk soil	2015	SAMN13283755
SRR10454303	Bulk soil	2015	SAMN13283756
SRR10454304	Bulk soil	2015	SAMN13283757
SRR10454305	Bulk soil	2015	SAMN13283758
SRR10454306	Bulk soil	2015	SAMN13283759
SRR10454307	Bulk soil	2015	SAMN13283760
SRR10454308	Bulk soil	2015	SAMN13283761
SRR10454309	Bulk soil	2015	SAMN13283762
SRR10454310	Bulk soil	2015	SAMN13283763
SRR10454311	Bulk soil	2015	SAMN13283764
SRR10454312	Bulk soil	2015	SAMN13283765
SRR10454313	Bulk soil	2015	SAMN13283766
SRR10454314	Bulk soil	2015	SAMN13283767
SRR10454315	Bulk soil	2015	SAMN13283768
SRR10454316	Bulk soil	2015	SAMN13283769
SRR10454317	Bulk soil	2015	SAMN13283770
SRR10454318	Bulk soil	2015	SAMN13283773
SRR10454319	Bulk soil	2015	SAMN13283771
SRR10454320	Bulk soil	2015	SAMN13283772
SRR10454321	Bulk soil	2015	SAMN13283774
SRR10454322	Bulk soil	2015	SAMN13283775
SRR10454323	Bulk soil	2015	SAMN13283776
SRR10454324	Bulk soil	2015	SAMN13283777
SRR10454325	Bulk soil	2015	SAMN13283778
SRR10454326	Bulk soil	2015	SAMN13283779
SRR10454327	Bulk soil	2015	SAMN13283780
SRR10454328	Bulk soil	2015	SAMN13283781
SRR10454329	Bulk soil	2015	SAMN13283785
SRR10454330	Bulk soil	2015	SAMN13283783
SRR10454331	Bulk soil	2015	SAMN13283784
SRR10454332	Bulk soil	2015	SAMN13283789
SRR10454333	Bulk soil	2015	SAMN13283786
SRR10454334	Bulk soil	2015	SAMN13283787
SRR10454335	Bulk soil	2015	SAMN13283788
SRR10454336	Bulk soil	2015	SAMN13283790
SRR10454337	Bulk soil	2015	SAMN13283791
SRR10454338	Bulk soil	2015	SAMN13283792
SRR10454339	rhizosphere	2015	SAMN13283793
SRR10454340	rhizosphere	2015	SAMN13283794
SRR10454341	rhizosphere	2015	SAMN13283795
SRR10454342	rhizosphere	2015	SAMN13283796
SRR10454343	rhizosphere	2015	SAMN13283797
SRR10454344	rhizosphere	2015	SAMN13283798
SRR10454345	rhizosphere	2015	SAMN13283799
SRR10454346	rhizosphere	2015	SAMN13283800
SRR10454347	rhizosphere	2015	SAMN13283801
SRR10454348	rhizosphere	2015	SAMN13283802
SRR10454349	rhizosphere	2015	SAMN13283803
SRR10454350	rhizosphere	2015	SAMN13283804
SRR10454351		2016	SAMN13283805
SRR10454352	rhizosphere	2015	SAMN13283806
SRR10454353	rhizosphere	2015	SAMN13283807
SRR10454354	rhizosphere	2015	SAMN13283808
SRR10454355	rhizosphere	2015	SAMN13283809
SRR10454356	rhizosphere	2015	SAMN13283810
SRR10454357	rhizosphere	2015	SAMN13283811
SRR10454358	rhizosphere	2015	SAMN13283812
SRR10454359	rhizosphere	2015	SAMN13283813
SRR10454360	rhizosphere	2015	SAMN13283814
SRR10454361	Bulk soil	2015	SAMN13283815
SRR10454362	Bulk soil	2015	SAMN13283816
SRR10454363	Bulk soil	2015	SAMN13283817
SRR10454364	Bulk soil	2015	SAMN13283818
SRR10454365	Bulk soil	2015	SAMN13283819
SRR10454366	Bulk soil	2015	SAMN13283820
SRR10454367	Bulk soil	2015	SAMN13283821
SRR10454368	Bulk soil	2015	SAMN13283822
SRR10454369	Bulk soil	2015	SAMN13283823
SRR10454370	rhizosphere	2015	SAMN13283824
SRR10454371	rhizosphere	2015	SAMN13283825
SRR10454372	rhizosphere	2015	SAMN13283826
SRR10454373	rhizosphere	2015	SAMN13283827
SRR10454374	rhizosphere	2015	SAMN13283828
SRR10454375	rhizosphere	2015	SAMN13283829
SRR10454376	rhizosphere	2015	SAMN13283830
SRR10454377	rhizosphere	2015	SAMN13283831
SRR10454378	rhizosphere	2015	SAMN13283832
SRR10454379	rhizosphere	2015	SAMN13283833
SRR10454380	rhizosphere	2015	SAMN13283834
SRR10454381	rhizosphere	2015	SAMN13283835
SRR10454382	rhizosphere	2015	SAMN13283836
SRR10454383	rhizosphere	2015	SAMN13283837
SRR10454384	rhizosphere	2015	SAMN13283838
SRR10454385	rhizosphere	2015	SAMN13283839
SRR10454386	rhizosphere	2015	SAMN13283840
SRR10454387	rhizosphere	2015	SAMN13283841
SRR10454388	rhizosphere	2015	SAMN13283842
SRR10454389	rhizosphere	2015	SAMN13283843
SRR10454390	rhizosphere	2015	SAMN13283844
SRR10454391	rhizosphere	2015	SAMN13283845
SRR10454392	rhizosphere	2015	SAMN13283846
SRR10454393	Bulk soil	2015	SAMN13283849
SRR10454394	rhizosphere	2015	SAMN13283847
SRR10454395	rhizosphere	2015	SAMN13283848
SRR10454396	Bulk soil	2015	SAMN13283855
SRR10454397	rhizosphere	2015	SAMN13283850
SRR10454398	rhizosphere	2015	SAMN13283851
SRR10454399	rhizosphere	2015	SAMN13283852
SRR10454400	rhizosphere	2015	SAMN13283853
SRR10454401	rhizosphere	2015	SAMN13283854
SRR10454402	Bulk soil	2015	SAMN13283860
SRR10454403	Bulk soil	2015	SAMN13283856
SRR10454404	Bulk soil	2015	SAMN13283857
SRR10454405	Bulk soil	2015	SAMN13283858
SRR10454406	Bulk soil	2015	SAMN13283859
SRR10454407	Bulk soil	2015	SAMN13283861
SRR10454408	Bulk soil	2015	SAMN13283862
SRR10454409	Bulk soil	2015	SAMN13283863
SRR10454410	Bulk soil	2015	SAMN13283864
SRR10454411	Bulk soil	2015	SAMN13283865
SRR10454412	Bulk soil	2015	SAMN13283866
SRR10454413	Bulk soil	2015	SAMN13283867
SRR10454414	Bulk soil	2015	SAMN13283868
SRR10454415	Bulk soil	2015	SAMN13283872
SRR10454416	Bulk soil	2015	SAMN13283869
SRR10454417	Bulk soil	2015	SAMN13283870
SRR10454418	Bulk soil	2015	SAMN13283871
SRR10454419	Bulk soil	2015	SAMN13283879
SRR10454420	Bulk soil	2015	SAMN13283873
SRR10454421	Bulk soil	2015	SAMN13283874
SRR10454422	Bulk soil	2015	SAMN13283875
SRR10454423	Bulk soil	2015	SAMN13283876
SRR10454424	Bulk soil	2015	SAMN13283877
SRR10454425	Bulk soil	2015	SAMN13283878
SRR10454426	Bulk soil	2015	SAMN13283883
SRR10454427	Bulk soil	2015	SAMN13283880
SRR10454428	Bulk soil	2015	SAMN13283881
SRR10454429	Bulk soil	2015	SAMN13283882
SRR10454430	Bulk soil	2015	SAMN13283884
SRR10454431	Bulk soil	2015	SAMN13283885
SRR10454432	Bulk soil	2015	SAMN13283886
SRR10454433	Bulk soil	2015	SAMN13283887
SRR10454434	Bulk soil	2015	SAMN13283888
SRR10454435	Bulk soil	2015	SAMN13283889
SRR10454436	Bulk soil	2015	SAMN13283890
SRR10454437	Bulk soil	2015	SAMN13283891
SRR10454438	Bulk soil	2015	SAMN13283892
SRR10454439	Bulk soil	2015	SAMN13283893
SRR10454440	Bulk soil	2015	SAMN13283894
SRR10454441	Bulk soil	2015	SAMN13283895
SRR10454442	Bulk soil	2015	SAMN13283896
SRR10454443	Bulk soil	2015	SAMN13283897
SRR10454444	Bulk soil	2015	SAMN13283898
SRR10454445	Bulk soil	2015	SAMN13283899
SRR10454446	Bulk soil	2015	SAMN13283904
SRR10454447	rhizosphere	2015	SAMN13283900
SRR10454448	rhizosphere	2015	SAMN13283901
SRR10454449	rhizosphere	2015	SAMN13283902
SRR10454450	rhizosphere	2015	SAMN13283903
SRR10454451	Bulk soil	2015	SAMN13283910
SRR10454452	rhizosphere	2015	SAMN13283905
SRR10454453	rhizosphere	2015	SAMN13283906
SRR10454454	rhizosphere	2015	SAMN13283907
SRR10454455	rhizosphere	2015	SAMN13283908
SRR10454456	rhizosphere	2015	SAMN13283909
SRR10454457	Bulk soil	2015	SAMN13283915
SRR10454458	rhizosphere	2015	SAMN13283911
SRR10454459	rhizosphere	2015	SAMN13283912
SRR10454460	rhizosphere	2015	SAMN13283913
SRR10454461	rhizosphere	2015	SAMN13283914
SRR10454462	Bulk soil	2015	SAMN13283918
